name,code,1995-01,1995-02,1995-03,1995-04,1995-05,1995-06,1995-07,1995-08,1995-09,1995-10,1995-11,1995-12,1995-01,1995-02,1995-03,1995-04,1995-05,1995-06,1995-07,1995-08,1995-09,1995-10,1995-11,1995-12,Feels Like Jan,Feb Feels,Mar Feels,Apr Feels,May Feels,Jun Feels,Jul Feels,Aug Feels,Sep Feels,Oct Feels,Nov Feels,Dec Feels
Afghanistan,AFG,-1.5,0.6,6.65,13.27,18.82,23.05,25.1,23.9,19.53,13.36,6.3,0.71,60.77,61.8,57.21,49.88,39.83,32.72,30.68,30.25,30.48,37.63,49.21,56.36,14.5541,16.994,21.5293,25.7304,27.9639,29.8476,31.2244,29.8825,25.5884,21.7779,18.5393,15.3088
Albania,ALB,3.07,3.98,6.92,10.81,15.68,19.7,22.05,22.07,17.52,13.29,8.57,4.28,78.28,74.47,70.92,71.24,71.46,67.73,63.79,63.99,70.68,74.32,77.65,80.06,24.9024,24.5551,26.3236,30.3192,35.2618,38.0509,39.1007,39.1867,36.8444,33.8156,30.1945,26.6998
Algeria,DZA,12.12,14.53,19.19,23.75,28.26,32.32,34.59,33.86,30.48,24.85,17.83,13.15,43.19,36.33,29.47,25.47,22.61,20.02,18.07,21.29,26.66,32.89,38.28,45.11,22.3727,22.5189,24.9151,28.1551,31.7213,34.9266,36.5531,36.8857,35.2778,31.7037,26.4624,24.0363
American Samoa (U.S.),ASM,26.92,26.98,27.11,27.21,26.98,26.71,26.31,26.16,26.26,26.43,26.71,26.91,83.26,83.08,82.76,82.21,80.74,80.63,80.11,80.13,81.37,81.95,82.45,82.24,50.3958,50.3964,50.4208,50.3393,49.6242,49.3179,48.7463,48.6029,49.1121,49.4735,49.9185,50.0492
Andorra,AND,-2.63,-2.16,0.68,3.12,7.68,12.31,14.49,14.39,10.81,7.15,0.74,-2.22,74.8,72.52,72.51,76.13,74.23,71.39,69.7,69.21,71.69,74.77,78.37,75.03,18.054,17.7716,20.6083,24.2429,28.1759,31.8687,33.491,33.2293,30.4677,27.8241,22.6021,18.5399
Angola,AGO,22.21,22.3,22.16,22.19,21.87,20.33,20.04,22.07,23.71,23.87,22.67,22.1,77.28,78.15,80.72,71.95,53.01,43.9,40.04,39.64,46.31,60.01,73.78,77.8,43.7124,44.0895,44.7976,41.9335,35.3633,30.817,29.2532,31.1512,34.9923,39.6733,43.0174,43.774
Anguilla (U.K.),AIA,24.95,24.67,24.71,25.25,26.15,26.94,27.15,27.4,27.4,27.1,26.41,25.61,77.16,76.05,75.65,78.09,80.25,80.53,81.32,81.59,81.52,81.18,79.4,77.48,46.4128,45.7665,45.6745,47.0197,48.6325,49.5149,49.9856,50.3247,50.3016,49.8894,48.612,47.1784
Antigua and Barbuda,ATG,25.08,24.8,24.88,25.43,26.27,26.92,27.1,27.36,27.39,27.1,26.53,25.73,77.11,75.79,75.63,78.03,80.08,80.38,81.24,81.54,81.37,81.15,79.39,77.61,46.5263,45.8107,45.8379,47.1799,48.6964,49.4454,49.9092,50.2682,50.2421,49.8795,48.7287,47.3413
Egypt,EGY,13.53,15.28,18.73,23.28,27.31,29.64,30.75,30.77,28.66,24.51,19.09,14.77,50.43,43.44,36.77,30.79,29.27,30.39,32.45,34.6,37.38,43.14,48.92,51.94,26.1719,25.6152,26.8641,29.4407,32.9691,35.6687,37.4585,38.188,36.9954,34.7462,31.2336,27.9102
Argentina,ARG,21.47,20.3,18.24,14.57,10.84,8.03,7.45,9.46,12.07,15.61,18.13,20.41,54.36,59.11,62.34,64.32,67.89,68.16,63.72,58.38,54.88,54.45,51.93,52.05,35.4088,35.8063,34.8122,31.7956,29.2437,26.5228,24.4776,24.7254,26.1804,29.5785,31.2669,33.5865
Armenia,ARM,-6.01,-4.32,0.4,5.87,10.89,15.27,18.12,18.5,14.23,8.68,1.73,-3.69,73.85,71.61,70.12,71.6,71.21,68.09,67.79,64.88,66.57,70.31,72.78,73.45,14.3605,15.3113,19.5396,25.498,30.3893,33.7397,36.4907,35.9104,32.1981,27.8823,21.7474,16.5485
Aruba (Neth.),ABW,25.77,25.61,25.73,26.22,26.82,27.11,26.98,27.54,27.88,27.52,26.96,26.31,81.85,81.18,82.06,83.9,85.2,84.9,85.34,84.51,83.49,83.44,83.41,82.59,48.7805,48.3994,48.8098,49.907,50.936,51.127,51.1422,51.4283,51.4317,51.0552,50.4853,49.5647
Australia,AUS,28.3,27.39,25.45,22.37,18.2,15.07,14.57,16.54,20.41,23.48,25.86,27.28,48.19,52.54,51.04,50.16,53.99,57.84,55.03,47.24,42.64,40.52,42.45,45.42,40.2027,40.7282,38.2932,34.9228,32.0167,30.1572,28.7299,28.1292,30.4812,32.8516,35.8685,38.2686
Austria,AUT,-3.37,-1.74,1.9,6.75,11.5,14.81,16.37,15.94,11.64,7.44,2.02,-2.6,82.83,78.29,74.45,71.54,72.4,73.84,74.08,76.04,79.73,82.2,84.75,84.43,19.9639,20.0957,22.4685,26.3582,31.392,35.1772,36.8164,37.0332,33.9509,30.566,25.9875,21.2619
Azerbaijan,AZE,0.42,1.72,5.74,11.02,16.44,21.32,24.23,24.29,19.31,13.7,7.14,2.35,75.74,74.32,72.42,71.67,68.45,60.87,57.44,57.89,67.15,74.27,76.41,75.6,21.4142,22.2456,25.6386,30.6711,35.0285,37.4071,39.1852,39.3937,37.4695,34.2091,28.3553,23.298
Bahrain,BHR,17.27,17.89,20.43,24.37,29.05,31.96,33.45,33.92,32.46,29.5,24.48,19.67,72.36,72.43,70.09,69.61,66.83,63.18,65.15,68.56,65.76,67.39,66.65,71.78,37.1488,37.7919,39.5597,43.3413,47.1039,48.8094,50.9495,52.5448,50.1608,47.7387,42.4745,39.3574
Bangladesh,BGD,17.88,21.31,25.59,27.88,28.49,28.51,28.33,28.36,28.06,26.87,23.41,19.45,72.82,66.6,64.16,72.94,79.46,84.96,86.03,85.91,85.85,82.63,76.72,75.32,37.9106,39.288,42.7628,47.9502,50.7118,52.5468,52.7199,52.7103,52.3905,50.1379,44.7276,40.3056
Barbados,BRB,25.62,25.4,25.53,26.03,26.71,26.87,26.84,27.09,27.38,27.2,26.77,26.27,77.94,76.45,76.83,78.58,79.65,80.87,82.03,82.19,81.1,81.65,81.75,78.87,47.3402,46.6285,46.8839,47.9614,48.9945,49.5571,49.9099,50.2127,50.143,50.1445,49.7475,48.2971
Belarus,BLR,-4.75,-3.98,0.4,8.03,13.73,17.09,19.41,17.87,12.35,6.93,1.8,-3.22,86.57,84.08,75.71,66.22,66.71,69.91,71.64,72.17,77.31,82.28,88.39,88.31,19.8181,19.7664,21.3843,25.8826,31.7443,36.1603,39.0512,37.6861,33.8623,30.0824,26.9687,21.9223
Belgium,BEL,2.89,3.67,6.18,9.61,13.17,15.94,17.8,17.65,14.58,11.04,6.58,3.24,86.99,83.96,78.26,72.47,73.49,74.08,75.16,75.95,80.15,84.19,88.64,88.93,27.5967,27.3768,28.0058,29.5251,33.4217,36.3864,38.6028,38.7135,37.0295,34.8227,31.8312,28.5869
Belize,BLZ,22.77,23.79,24.9,26.55,27.26,27.12,26.77,26.96,26.85,25.61,23.9,23.07,83.5,80.91,76.74,75.81,78.39,82.99,83.73,83.37,84.48,85.49,84.62,84.9,46.325,46.4903,46.2242,47.5673,49.1287,50.5067,50.4009,50.4721,50.7284,49.8217,47.8246,47.087
Benin,BEN,26.88,29.04,30.69,30.35,28.82,27.09,25.78,25.15,25.71,26.91,27.54,26.87,35.66,35.97,43.74,59.5,70.19,77.08,81.65,84.5,83.49,75.59,53.73,40.89,34.6478,36.9101,41.1242,45.985,47.9827,48.5264,48.7245,49.035,49.2617,47.8547,41.2709,36.3637
Bermuda (U.K.),BMU,18.23,17.76,17.65,18.82,20.82,23.78,25.92,26.37,25.79,24.06,21.43,19.63,71.09,71.36,71.88,74.52,79.46,82.71,82.12,81.34,79,74.52,70.65,70.42,37.6897,37.3088,37.3704,39.4116,43.0418,47.0743,49.0196,49.2122,47.86,44.6516,40.7445,38.8686
Bhutan,BTN,1.42,3.2,6.35,9.47,12.67,15.08,15.71,15.63,14.32,10.65,6.67,3.44,77.11,77.38,77.71,79.92,83.14,87.84,89.88,88.67,87.35,81.95,78.75,77.38,22.8663,24.7354,27.9943,31.8436,36.1062,40.0672,41.3704,40.8911,39.1455,33.6935,28.6575,24.9754
Bolivia,BOL,21.64,21.27,21.14,20.35,18.27,17.45,17.31,19.08,20.68,21.9,21.96,21.92,79.19,80.51,79.74,74.34,69.09,66.27,61.86,56.78,58.25,64.5,68.82,74.84,43.7727,43.8383,43.4542,40.8822,37.0697,35.3191,33.7238,33.8174,35.9025,39.185,40.6706,42.6172
"Bonaire, Sint Eustatius and Saba",BES,25.77,25.55,25.67,26.18,26.83,27.06,27.02,27.52,27.85,27.52,26.93,26.32,80.66,80.1,80.8,82.59,83.6,83.72,83.85,83.22,82.47,82.73,82.73,81.49,48.3878,47.983,48.334,49.4347,50.418,50.6876,50.6905,50.9826,51.0651,50.8209,50.2309,49.2117
Bosnia,BIH,0.34,1.28,5.04,9.81,14.59,18.24,20.14,19.94,15,10.89,5.95,1.18,81.87,76.37,70.51,69.36,70.43,70.64,67.73,67.9,74.53,78.1,81.46,83.86,23.3571,22.4821,24.3083,28.6988,33.8319,37.5512,38.4909,38.347,35.5949,32.663,28.8318,24.8538
Botswana,BWA,25.84,25.52,24.39,21.76,18.27,15.22,14.71,18.04,22.37,25.61,25.98,25.77,58.72,58.92,58.43,52.7,47.74,47.09,43.68,35.87,31.35,34.9,44.65,55.7,41.2176,40.9636,39.6719,35.151,30.0242,26.7597,25.1244,25.8771,28.7155,33.127,36.7145,40.151
Bouvet Island (Nor.),BVT,0.81,1.23,1.16,0.76,-0.18,-1.11,-2.08,-2.77,-3.36,-1.82,-0.8,0.13,88.16,87.7,85.96,84.82,81.32,79.07,78.79,79.21,79.59,83.04,85.44,88,25.9028,26.171,25.5268,24.7506,22.6556,20.9831,19.9207,19.3693,18.9047,21.5832,23.3952,25.17
Brazil,BRA,25.35,25.31,25.16,24.83,23.97,23.56,23.6,24.74,25.67,26.05,25.68,25.58,81.57,81.75,82.65,81.82,79.5,75.38,70.47,65.42,67.02,72.05,77.14,79.69,48.2681,48.2875,48.4345,47.8306,46.205,44.4354,42.8551,42.3286,43.7866,45.8265,47.1362,47.8777
British Indian Ocean Territory (U.K.),IOT,26.49,26.8,27.1,27.29,27.05,26.46,26.07,25.93,26.04,26.31,26.53,26.52,83.1,82.13,81.52,81.11,80.83,81.56,81.33,81.54,82.28,82.23,82.06,82.62,49.913,49.9029,50.0016,50.0563,49.7239,49.3748,48.9089,48.8382,49.1924,49.4459,49.6098,49.7846
British Virgin Islands (U.K.),VGB,24.95,24.69,24.71,25.25,26.11,26.97,27.19,27.43,27.45,27.15,26.41,25.61,77.24,76.12,75.75,78.22,80.72,80.89,81.52,81.83,81.6,81.07,79.48,77.56,46.4392,45.8096,45.7075,47.0626,48.7476,49.6637,50.0916,50.4339,50.378,49.9031,48.6384,47.2048
Brunei Darussalam,BRN,25.66,25.79,26.23,26.59,26.87,26.66,26.49,26.51,26.4,26.08,26,25.89,87.17,86.62,85.46,85.66,84.9,84.39,84.03,83.83,84.39,86.28,87.06,87.41,50.4261,50.3746,50.4318,50.8578,50.887,50.5087,50.2199,50.1739,50.2487,50.5524,50.7298,50.7353
Bulgaria,BGR,0.08,1.92,5.78,10.75,16.03,19.97,22.25,22.04,17.02,11.8,6.64,1.45,82.64,76.97,70.6,69.09,70.12,68.73,64.93,64.56,69.84,76.13,80.84,83.66,23.3512,23.3201,25.078,29.5497,35.1696,38.6509,39.6769,39.3448,36.0672,32.9229,29.3172,25.0578
Burkina Faso,BFA,25.45,28.19,31.41,32.75,32.01,29.85,27.63,26.47,27.16,28.95,28.06,25.87,21.62,19.23,21.99,37.73,50.65,61.73,72.6,79.76,76.89,60.33,34.87,25.57,28.5846,30.5359,34.6667,41.2009,44.7245,46.2209,47.588,48.7908,48.5337,44.8589,35.5671,30.3081
Burundi,BDI,20.24,20.55,20.27,19.84,20.05,19.97,20.16,21.15,21.63,21.08,19.99,19.9,76.11,74.1,77.54,79.61,72.67,62.12,54.3,52.57,56.81,66.05,76.42,77.32,41.3563,41.003,41.8582,42.1113,40.0311,36.4696,34.079,34.4981,36.3773,38.8765,41.2086,41.4156
Cabo Verde,CPV,21.52,21.04,21.14,21.47,22.12,22.87,24.03,25.39,25.9,25.62,24.51,22.93,73.2,75.22,76.45,78.02,79.78,81.44,81.36,81.86,82.44,79.99,76.98,74.99,41.676,41.8626,42.3685,43.2166,44.4474,45.7452,46.8788,48.4038,49.1052,48.0167,45.9134,43.6767
Cambodia,KHM,26.27,27.81,29.11,29.17,28.42,27.85,27.24,27.12,26.73,26.67,26.42,25.65,61.06,60.08,62.79,71.55,79.15,81.61,83.29,84.16,86.07,83.53,76.01,66.71,42.4198,43.6364,45.8307,48.7815,50.5395,50.7813,50.7257,50.8928,51.1331,50.2349,47.5033,43.6643
Cameroon,CMR,24.59,25.93,26.64,26.11,25.15,24.03,23.19,22.97,23.24,23.69,24.19,24.11,52.7,52.01,58.87,71.61,78.59,82.09,83.88,85.03,85.11,82.49,70.81,59.51,37.981,39.0933,42.0671,45.7413,47.0847,47.1197,46.8704,47.0299,47.3263,46.9117,43.5573,39.7483
Canada,CAN,-21.1,-19.12,-14.55,-5.5,2.61,10.1,13.76,12.11,6.57,-1.37,-10.6,-17.53,75.54,74.25,71.91,70.59,70.29,70.29,71.08,74.29,77.33,80.81,81.13,78.78,-0.1718,1.3825,5.1803,13.7947,21.8057,29.2957,33.2164,32.6257,28.0889,21.2973,12.1729,4.4674
Cayman Islands (U.K.),CYM,25.09,25.14,25.27,26.09,26.92,27.69,28.18,28.34,28.08,27.4,26.55,25.77,75.85,76.03,76.21,77.65,79.99,81.84,80.07,79.9,80.47,81.16,77.45,76.87,46.1205,46.2299,46.4193,47.7145,49.3167,50.6972,50.6031,50.707,50.6351,50.1828,48.1085,47.1371
CAR,CAF,26.14,27.77,28.24,27.51,26.31,25.04,24.19,23.95,24.22,24.56,25.3,25.55,36.9,38.75,50.71,65.94,74.78,79.69,82.38,83.79,83.11,80.76,64.92,45.81,34.317,36.5575,40.9743,45.2702,46.9874,47.3377,47.3754,47.6007,47.6463,47.2108,42.7236,36.6673
Chad,TCD,20.47,23.37,26.83,30.65,31.79,31.38,29.79,28.87,29.12,27.81,24.24,21.04,23.45,18.67,15.88,19.19,26.18,34.28,47.47,55.74,46.66,36.71,27.71,25.69,24.2085,25.5311,28.0704,32.9827,36.4294,38.6924,41.4551,43.2642,40.5178,35.9243,29.3843,25.5177
Chile,CHL,13.18,13.07,11.78,9.48,6.94,4.81,4.21,5.37,6.88,8.81,10.42,12.18,64.81,65.84,66.22,65.04,64.88,64.59,63.81,62.89,62.41,61.35,61.08,61.91,30.5673,30.7972,29.6326,26.9432,24.3504,22.1247,21.2673,22.1237,23.4753,25.0555,26.5764,28.6103
Taiwan,TWN,14.24,15.25,17.36,20.15,22.53,24.18,24.99,24.67,23.76,21.62,18.97,15.44,80.87,81.53,80.16,80.78,81.47,81.94,80.84,82.37,81.66,80.97,81.21,80.69,36.9271,38.1549,39.8128,42.8074,45.4151,47.2202,47.6672,47.8521,46.7078,44.3401,41.7693,38.0677
China,CHN,-7.79,-4.09,1.71,8.39,13.76,18.01,20.09,18.99,14.61,7.81,0.03,-6.07,60.34,57.51,52.97,51.49,54.67,60.76,65.93,66.53,63.78,60.35,60.12,60.38,8.1222,10.8883,15.1901,21.3817,27.8011,34.0608,37.8469,36.9449,31.6574,23.7255,15.8696,9.8554
Christmas Island (Aus.),CXR,26.79,26.85,27.16,27.33,27.26,26.7,25.95,25.53,25.44,25.88,26.41,26.66,79.86,82.2,81.4,81.37,80.05,79.88,78.54,76.64,77.61,79.13,78.3,78.68,49.1438,49.976,50.022,50.1821,49.6765,49.0604,47.8682,46.8212,47.0513,47.9929,48.249,48.6244
Cocos (Keeling) Islands (Aus.),CCK,26.5,26.79,26.87,26.9,26.7,26.29,25.79,25.56,25.35,25.55,25.88,26.14,78.9,79.94,81.63,82.65,81.82,80.95,80.01,77.93,77.39,77.67,77.77,78.49,48.537,49.1702,49.8079,50.1745,49.7006,49.0035,48.1933,47.2769,46.8887,47.1811,47.5441,48.0417
Colombia,COL,24.22,24.47,24.31,23.95,23.6,23.21,23.09,23.42,23.64,23.78,23.77,23.82,78.2,77.45,81.5,86.02,87.69,87.52,86.36,85.44,85.59,86.47,86.71,84.01,46.026,46.0285,47.205,48.3366,48.5377,48.0916,47.5888,47.6152,47.8847,48.3151,48.3843,47.5433
Comoros,COM,26.42,26.38,26.4,26.25,25.53,24.35,23.52,23.41,23.85,24.71,25.67,26.27,82.26,82.84,83.39,82.23,79.13,77.04,77.22,77.31,78.06,78.46,79.54,81.46,49.5658,49.7172,49.9187,49.3859,47.6429,45.7732,45.0026,44.9223,45.6098,46.6018,47.9182,49.1518
Congo,COG,25.05,25.47,25.6,25.45,25.14,24.17,23.65,23.84,24.16,24.39,24.47,24.65,80.73,80.87,82.66,84.51,84.86,83.11,80.57,80.58,82.82,84.95,86.18,84.38,47.6909,48.1571,48.8778,49.3383,49.1438,47.5963,46.2381,46.4314,47.4906,48.4235,48.9094,48.4954
Cook Islands (N.Z.),COK,25.96,26.29,26.36,25.95,25.06,24.26,23.68,23.3,23.44,23.94,24.84,25.41,82.07,81.83,81.59,79.52,77.3,75.07,74.56,73.94,76.36,77.62,78.93,80.34,49.0431,49.2939,49.2847,48.1916,46.569,45.0331,44.2848,43.7002,44.6388,45.5546,46.8869,47.9222
Costa Rica,CRI,22.18,22.56,23.15,23.74,23.68,23.41,23.2,23.21,23.09,22.84,22.49,22.31,81.21,78.85,77.57,79.14,85.39,88.28,87.59,87.85,88.91,89.58,87.97,84.64,44.9793,44.5805,44.7481,45.8562,47.8587,48.5424,48.1047,48.2005,48.4303,48.4014,47.5201,46.2412
Côte d'Ivoire,CIV,26.33,27.85,28.33,27.8,27.06,25.84,24.92,24.64,25.13,25.83,26.33,25.99,54.54,56.74,66.3,74.57,78.56,81.63,82.77,83.87,83.88,81.79,75.73,64.08,40.3282,42.5742,46.209,48.4081,48.9848,48.7779,48.2341,48.3171,48.8104,48.8207,47.3209,43.1364
Croatia,HRV,2.19,3.39,7.18,11.81,16.54,20.29,22.23,21.83,16.88,12.66,7.81,3.08,81.12,74.73,69.18,68.65,68.86,68.39,65.69,67.29,73.97,78.13,81.45,82.79,24.9596,24.0509,26.0094,30.4645,35.2638,38.8587,39.9077,40.0357,37.2901,34.4429,30.6885,26.4007
Cuba,CUB,22.65,23.24,23.87,25.2,26.29,27.12,27.69,27.74,27.14,26.18,24.51,23.44,74.04,71.85,69.82,69.68,73.93,78.72,76.57,77.48,80.23,80.53,77.2,76.35,43.0832,42.9505,42.9106,44.1944,46.6869,49.0976,48.9581,49.3084,49.6159,48.7549,45.986,44.6355
Curaçao (Neth.),CUW,25.76,25.59,25.73,26.22,26.84,27.04,26.97,27.51,27.86,27.48,26.9,26.29,81.66,81.03,81.71,83.54,84.47,84.5,84.58,83.76,83.03,83.33,83.5,82.47,48.7078,48.3299,48.6943,49.7882,50.7151,50.925,50.8814,51.1508,51.2599,50.9789,50.455,49.5051
Cyprus,CYP,11.69,12,13.98,16.95,21.25,25.57,28.31,28.36,25.5,21.75,17.25,13.5,72.89,70.7,66.63,65.19,61.95,57.09,56.86,60.18,61.79,64.33,68.24,72.81,31.7437,31.331,31.9679,34.4627,37.6935,40.4097,43.0738,44.2194,41.8907,38.9789,35.7692,33.5273
Czechia,CZE,-1.7,-0.19,3.22,8.73,13.33,16.41,18.22,17.79,13.21,8.58,3.66,-0.78,86.43,81.7,75.77,68.94,70.34,71.14,71.04,70.92,77.63,83.28,87.82,87.71,22.8219,22.771,24.2241,27.4802,32.5422,35.8862,37.6632,37.1936,34.8279,32.0624,28.6406,24.1643
North Korea,PRK,-9.75,-6.16,-0.1,7.52,13.67,18.38,21.42,21.56,16.44,9.47,0.86,-7.21,65.93,63.21,61.83,62.1,68.26,76.51,83.5,82.2,75.52,68.37,67.76,66.56,8.0069,10.6993,16.3039,24.013,32.1958,39.6283,44.975,44.686,37.3616,28.0321,19.2208,10.7548
DRC,COD,24.05,24.51,24.35,24.21,24.35,23.94,23.83,24.08,24.08,23.78,23.45,23.58,79.76,79.3,82.63,83.19,77.33,70.92,67.07,71.09,76.85,82.14,85.3,83.42,46.3708,46.679,47.6179,47.6627,45.8689,43.3436,41.9631,43.5397,45.4405,46.8862,47.599,47.1086
Denmark,DNK,1.47,1.64,3.22,7.22,11.19,14.35,17.06,17.14,13.92,9.94,5.86,2.44,88.02,86.14,81.05,76.71,75.55,76.86,77.09,77.61,80.82,83.96,86.73,88.42,26.5166,26.0662,25.9665,28.5343,32.1215,35.7138,38.4997,38.7513,36.5906,33.6468,30.4809,27.6186
Djibouti,DJI,23.11,24.14,26.07,28.21,31.16,33.37,32.8,31.66,31.48,27.96,25.28,23.55,68.7,63.78,61.08,60.24,50,34.98,40.18,48.53,50.33,58,63.15,66.46,41.781,41.1874,42.2264,44.0892,43.66,40.9134,42.0594,43.6749,44.0889,43.1,42.1195,41.4818
Dominica,DMA,24.72,24.45,24.55,25.11,25.89,26.3,26.37,26.63,26.81,26.56,26.06,25.35,79.27,77.73,78.35,80.42,81.9,82.51,83.48,83.64,82.79,83.03,82.29,80.27,46.8791,46.1009,46.4055,47.6486,48.917,49.5283,49.9184,50.2312,50.1307,49.9599,49.2157,47.8391
Dominican Republic,DOM,22.24,22.45,22.94,23.75,24.49,25.29,25.59,25.66,25.31,24.74,23.72,22.74,78.16,75.81,74.91,76.75,79.71,79.63,78.27,79.48,81.28,82.74,81.69,79.75,44.0328,43.4673,43.6603,45.0775,46.7943,47.5679,47.4191,47.8884,48.1324,48.0442,46.6777,45.0575
Ecuador,ECU,20.92,21,21.07,21.02,20.65,19.87,19.51,19.69,20.04,20.39,20.5,20.72,85.56,86.08,86.86,87.26,87.49,87.57,86.41,84.53,84.32,84.9,85.34,85.51,45.1548,45.4064,45.7338,45.8158,45.5217,44.7681,44.0253,43.5849,43.8656,44.407,44.6622,44.9383
El Salvador,SLV,25.06,25.9,26.55,27.17,26.49,25.64,26.03,25.85,25.05,24.82,24.72,24.89,58.6,56.57,57.03,62.76,73.48,79.68,75.37,77.29,82.59,80.8,70.99,62.94,40.398,40.5681,41.3699,43.8808,46.7384,47.9344,46.9021,47.3557,48.3047,47.484,44.1467,41.6602
Equatorial Guinea,GNQ,24.08,24.45,24.63,24.58,24.33,23.44,22.67,22.68,23.11,23.44,23.66,23.84,86.44,86.32,86.67,87.22,87.73,87.88,87.05,86.81,88.65,89.25,88.85,87.61,48.6052,48.9356,49.2311,49.3626,49.2809,48.4404,47.3965,47.3273,48.3645,48.8925,48.9805,48.7513
Eritrea,ERI,22.85,24.11,25.84,28.41,29.91,30.07,28.46,27.85,28.19,27.45,25.59,23.68,57.86,53.14,48.09,44.4,40.6,41.61,56.55,62.52,55.71,48.61,51.22,55.96,37.9438,37.6462,37.7097,39.062,39.308,39.8013,43.1215,44.4816,42.5743,39.4913,38.4926,38.1468
Estonia,EST,-4.17,-4.8,-1.2,5.22,10.71,15.14,18.15,16.74,11.93,6.62,1.83,-2.18,88.28,86.34,79.29,70.61,68.51,72.51,74.22,76.96,80.77,85.42,88.68,88.85,20.9624,19.6922,20.9657,24.5213,29.3183,35.0683,38.6426,38.1368,34.5841,30.8086,27.0944,23.1405
Eswatini,SWZ,23.1,23.14,22.19,19.63,17.29,15.08,14.71,16.82,19,19.94,21.3,22.44,76.9,76.88,76.29,74.71,67.86,62.31,61.71,60.97,63,70.38,74.5,75.99,44.477,44.5104,43.3657,40.2843,35.6838,31.6423,31.0743,32.9401,35.79,39.1654,41.885,43.5167
Ethiopia,ETH,22.84,24.21,24.84,24.58,24.3,23.68,22.6,22.62,23.34,22.69,22.22,22.27,44.65,39.23,45.09,56.14,60.03,58.6,63.31,63.97,60.57,62.74,57.19,47.82,33.5745,33.1559,35.7197,39.1062,40.1099,39.018,39.4923,39.7301,39.3281,39.3942,37.0927,34.0506
Faroe Islands (Den.),FRO,4.9,4.33,4.61,5.62,6.9,8.84,10.4,10.93,10,8.01,6.21,4.88,78.41,77.21,77.07,79.47,80.75,84.34,88.25,88.2,85.63,81.97,79.2,77.63,26.7753,25.8093,26.0431,27.8451,29.5475,32.6722,35.5225,36.036,34.2579,31.0601,28.346,26.4979
Federated States of Micronesia,FSM,27.04,26.93,27.01,27.06,27.15,27.07,26.92,26.98,27.05,27.12,27.22,27.23,81.8,81.9,82.15,83.6,83.76,83.65,83.26,82.54,82.38,82.42,83.08,83.17,50.034,49.957,50.1195,50.648,50.7908,50.6745,50.3958,50.2182,50.2354,50.3186,50.6364,50.6761
Fiji,FJI,25.66,25.69,25.71,25.24,24.18,23.5,22.74,22.69,23.24,23.79,24.6,25.33,85.32,85.53,86.36,85.37,82.46,81.93,79.98,79.57,80.63,81.06,82.76,83.76,49.8156,49.9149,50.2088,49.4121,47.3918,46.5369,45.1334,44.9481,45.8479,46.5398,47.9108,48.9708
Aland Islands,ALA,-0.75,-2.12,-0.66,3.22,7.55,12.5,16.88,16.94,13.07,8.29,4.3,1.23,83.32,84.48,82.26,80.43,78.75,79.72,79.75,78.52,78.79,80.69,82.48,82.74,22.7456,21.7584,22.4858,25.7619,29.5375,34.8076,39.1975,38.8516,35.0707,30.9177,27.5184,24.5342
Finland,FIN,-8.61,-9.12,-4.69,1.54,7.7,13.37,16.37,14.17,9,3.1,-2.35,-6.67,88.79,86.6,78.98,71.06,66.34,67.37,72.62,77.15,82.68,88.42,91.14,89.92,16.6907,15.458,17.3734,20.9898,25.5922,31.6021,36.3346,35.6295,32.2844,28.2786,23.7262,19.0036
Mayotte,MYT,27.06,27.12,27.29,27.37,26.73,25.57,24.68,24.37,24.69,25.44,26.28,26.85,81.51,81.35,80.84,78.78,75.78,73.73,74.05,75.5,77.41,78.71,79.86,81.02,49.9583,49.9655,49.9672,49.3674,47.7374,45.9009,45.1165,45.285,46.2353,47.4143,48.6338,49.5866
French Guiana,GUF,25.02,25.02,25.43,25.58,25.46,25.29,25.4,26.15,27.01,27.27,26.78,25.8,85.86,84.94,82.97,85.1,87.67,87.18,84.74,79.84,72.9,72.11,76.5,82.78,49.3538,49.0502,48.8101,49.663,50.3911,50.0594,49.3642,48.4972,47.067,47.0663,48.025,49.1174
Reunion,REU,23.25,23.48,23.04,22.14,20.36,18.65,17.74,17.71,18.4,19.46,20.96,22.41,83.47,84,83.23,82.43,81.66,79.89,79.6,78.27,78.33,77.98,79.37,81.56,46.7951,47.2,46.5059,45.3419,43.3078,41.0137,40.008,39.5391,40.2489,41.1934,43.1521,45.3248
Martinique,MTQ,24.92,24.77,25.02,25.62,26.4,26.66,26.63,26.81,27,26.71,26.18,25.54,78.3,75.89,75.73,77.58,78.74,80.04,81.64,82.53,82.02,82.64,82.35,79.69,46.759,45.8137,46.0109,47.2214,48.3842,49.0732,49.5712,50.0449,50.0666,49.9812,49.3555,47.8377
Guadeloupe,GLP,24.77,24.53,24.72,25.32,26.16,26.65,26.73,26.95,27.06,26.74,26.2,25.42,78.52,76.91,76.59,78.39,80.05,80.58,81.58,82.21,81.87,82.2,81.04,79.32,46.6816,45.9103,45.9947,47.1887,48.5765,49.2414,49.6514,50.0793,50.0771,49.866,48.9432,47.5956
France,FRA,3.94,4.56,7.45,10.34,14.05,17.55,19.32,19.19,15.83,12.47,7.34,4.27,83.75,78.89,73.07,71.26,72.27,69.89,68.86,70.1,74.17,80.74,84.37,84.55,27.5775,26.5937,27.5631,29.8558,33.8991,36.6137,38.0438,38.323,36.3061,35.1142,31.1821,28.1715
French Polynesia (Fr.),PYF,26.07,26.29,26.54,26.5,26.09,25.51,24.98,24.69,24.7,25.01,25.53,25.88,81.56,81.75,81.56,80.98,79.49,78.02,77.37,76.56,78.32,79.54,80.49,81.06,48.9848,49.2675,49.4548,49.2234,48.3217,47.2566,46.5121,45.9548,46.5456,47.2582,48.0917,48.6298
French Southern and Antarctic Lands (Fr.),ATF,5.51,5.98,5.61,4.57,2.79,1.79,1.29,1.04,1.18,1.88,2.88,4.42,82.91,83.3,83.76,84.36,83.35,83.98,83.35,82.65,82.39,82.15,82.47,82.73,28.8703,29.469,29.2508,28.4088,26.2955,25.5034,24.7955,24.3145,24.3687,24.9895,26.0951,27.7209
Gabon,GAB,24.94,25.26,25.38,25.32,25.01,23.92,23.18,23.47,24.12,24.36,24.43,24.59,83.85,83.67,84.52,85.33,85.66,84.05,81.41,80.2,82.53,85.52,86.63,85.62,48.6105,48.8711,49.2716,49.4789,49.2778,47.6565,46.0453,45.936,47.3549,48.5816,49.0179,48.8446
Georgia,GEO,-3.24,-2.07,1.67,6.89,12,16.07,18.99,19.23,14.7,9.57,3.32,-1.34,76.17,74.83,74.07,73.88,74.87,74.55,73.6,71.79,74.69,77.11,75.78,76.04,17.8961,18.6239,22.1131,27.2704,32.7071,36.6715,39.278,38.9207,35.3477,31.0163,24.3274,19.7532
Germany,DEU,0.5,1.65,4.5,9.1,13.23,16.22,18.2,17.87,13.95,9.7,4.82,1.22,86.27,82.33,76.48,69.87,70.63,70.93,71.33,72.2,78.23,83.59,87.84,87.94,24.9691,24.8189,25.7384,28.1571,32.5379,35.6269,37.7389,37.696,35.7659,33.2847,29.8072,26.2402
Ghana,GHA,27.38,29.09,29.85,29.21,28.21,26.68,25.64,25.2,25.61,26.51,27.34,27.11,48.74,50.2,59.16,69.27,74.65,79.63,81.96,83.73,84.23,80.95,69.53,57.17,39.4642,41.656,45.3728,48.0691,48.8445,48.9579,48.6868,48.8309,49.4059,49.2235,46.2849,41.9761
Gibraltar (U.K.),GIB,13.38,13.45,14.51,15.72,17.71,20.47,22.48,23.09,21.39,19.22,16.05,14.16,76.69,76.18,76.73,76.17,76.26,76.24,75.51,77.42,80.31,81.48,77.33,77.69,34.6877,34.5894,35.8309,36.8561,38.8758,41.6292,43.3983,44.6386,43.8923,42.1084,37.5689,35.7977
Greece,GRC,5.97,6.78,9.2,12.79,17.74,22.14,24.57,24.44,20.23,15.74,11.26,7.3,78.02,74.81,71.35,69.73,67.31,62.41,58.99,60.42,66.48,72.42,77.61,79.9,27.7166,27.4673,28.7455,31.8009,35.9523,38.7353,40.0367,40.3786,38.1684,35.6386,32.8713,29.667
Greenland,GRL,-26.97,-27.73,-27.15,-21.13,-13.5,-6.57,-4.25,-6.66,-13.05,-20.21,-23.73,-25.87,68.35,68.06,68.03,70.35,73.9,77.11,79.18,79.38,75.67,71.07,69.76,68.82,-8.4145,-9.2702,-8.7001,-1.9145,6.887,14.8763,17.8794,15.5354,7.9211,-0.7569,-4.7092,-7.1594
Grenada,GRD,25.74,25.59,25.74,26.23,26.77,26.74,26.67,27.03,27.48,27.3,26.78,26.35,79.28,77.87,78.19,79.91,81.15,82.62,83.29,82.82,81.35,81.98,82.67,80.12,47.9024,47.2871,47.5427,48.6003,49.5495,50.0046,50.1557,50.3606,50.3255,50.3534,50.0611,48.7896
Guam (U.S.),GUM,26.64,26.39,26.52,26.99,27.36,27.54,27.33,27.2,27.24,27.26,27.47,27.24,80.04,80.47,80.04,81.66,82.44,82.74,83.12,83.6,83.36,83.59,83.15,81.94,49.0532,48.9451,48.9332,49.9378,50.5652,50.8442,50.7596,50.788,50.7488,50.8447,50.9095,50.2802
Guatemala,GTM,20.52,21.62,22.89,24.43,24.69,24.01,23.62,23.74,23.55,22.7,21.38,20.65,77.83,73.65,69.38,69.16,74.36,81.45,81.24,81.39,84.01,84.22,82.06,80.5,42.2039,41.9245,41.7854,43.2528,45.2288,46.8885,46.4292,46.5987,47.2733,46.4926,44.4598,43.215
Guernsey (U.K.),GGY,8.68,8.25,8.63,9.73,11.7,13.98,15.85,16.83,16.28,14.67,11.78,9.46,78.52,78.58,79.97,81.34,83.83,85.78,86.83,84.66,80.06,78.49,76.68,77.08,30.5916,30.1814,31.0201,32.5722,35.3639,38.2874,40.5039,40.7678,38.6998,36.5717,33.0844,30.8964
Guinea,GIN,25.32,27.17,28.61,28.8,27.6,25.57,24.4,24.03,24.44,25.11,25.4,24.99,40.97,39.63,46.75,57.33,69.82,80.59,84.32,86.14,84.88,81.84,68.07,49.63,34.8401,36.2479,40.0375,43.7189,46.6406,48.1647,48.2256,48.4562,48.4504,48.1172,43.8631,37.3679
Guinea-Bissau,GNB,25.96,27.61,29.08,29.65,29.89,28.6,26.84,26.3,26.65,27.54,27.39,26.1,40.91,41.27,46.19,51.55,58.59,74.1,83.89,86.51,85.41,83.16,71.47,50.15,35.4603,37.2291,40.3227,42.6615,45.2247,49.053,50.5237,50.8483,50.8353,50.9828,46.9751,38.6495
Guyana,GUY,24.55,24.67,25.17,25.46,25.1,24.72,24.71,25.24,26.02,26.38,25.98,25.13,81.66,79.95,77.8,80.68,85.88,87.87,87.19,85.38,80.91,78.34,80.22,82.38,47.4978,47.0535,46.844,48.0844,49.4404,49.7171,49.4827,49.4154,48.7203,48.2322,48.4526,48.3154
Haiti,HTI,23.33,23.57,23.91,24.62,25.37,26.33,26.72,26.71,26.23,25.6,24.59,23.81,75.3,73.3,73.18,75.1,77.8,77.18,75.31,76.92,79.28,80.97,79.67,77.05,44.179,43.759,44.0594,45.403,47.044,47.7994,47.5723,48.0936,48.3924,48.3201,46.8811,45.2365
Heard Island and McDonald Islands (Aus.),HMD,2.94,3.25,3.28,2.65,1.72,0.96,0.48,0,-0.03,0.41,1.08,2.18,87.38,87.23,85.85,83.92,81.15,80.09,78.55,77.64,78.17,80.97,83.73,86.46,27.7754,28.0359,27.6105,26.3436,24.4995,23.3897,22.4015,21.6212,21.7661,23.1301,24.7109,26.7118
Honduras,HND,21.41,22.31,23.36,24.94,25.07,24.5,24.16,24.31,24.26,23.35,22.13,21.61,79.28,74.81,70.22,68.23,74.84,81.3,81.2,81.32,82.96,85.06,83.77,81.66,43.5724,42.9973,42.5326,43.4559,45.7672,47.329,46.956,47.1456,47.6368,47.4198,45.7741,44.5578
"Hong Kong, SAR",HKG,15.67,16.96,19.5,22.88,25.93,27.81,28.59,28.4,27.51,25.29,21.47,17.04,71.26,77.52,80.56,83.41,83.57,84.48,82.81,83.28,79.05,73.41,70.92,66.77,35.1858,38.5416,42.0848,46.4053,49.5081,51.6884,51.9173,51.8824,49.5965,45.5153,40.8736,35.0741
Hungary,HUN,-0.19,1.55,6.04,12.03,16.9,20.23,21.99,21.4,16.25,11.3,5.95,0.56,84.34,77.42,67.64,62.39,63.83,64.68,63.81,64.39,70.88,76.35,82.66,85.82,23.6422,23.0986,24.3612,28.6187,33.9639,37.5744,39.0473,38.6487,35.6404,32.4955,29.2278,24.8806
Iceland,ISL,-2.39,-3.15,-2.44,-0.04,3.12,7.11,9.15,8.66,5.76,1.34,-1.4,-2.77,83.75,82.65,81.81,81.26,80.13,78.87,81.13,82.73,83.47,84.46,83.84,83.22,21.2475,20.1245,20.5573,22.7758,25.5629,29.1371,31.9229,31.9609,29.3051,25.2118,22.2672,20.6926
India,IND,16.84,19.88,24.19,27.98,29.89,28.82,26.94,26.33,26.07,24.42,20.93,17.62,61.54,55.29,47.91,46.04,50.72,65.17,78.03,80.52,77.3,67.98,63.14,62.72,33.1482,34.1257,36.0003,39.1732,42.6276,46.3261,48.6899,48.9016,47.579,42.8534,37.7662,34.3176
Indonesia,IDN,24.97,25.09,25.24,25.36,25.48,25.09,24.72,24.77,25.05,25.28,25.25,25.08,86.29,85.79,85.85,86.43,85.59,84.92,83.94,82.43,82.32,83.57,85.65,86.66,49.4457,49.4007,49.5705,49.8819,49.7247,49.1136,48.4202,47.9719,48.2156,48.8581,49.5145,49.6778
Iraq,IRQ,9.35,11.8,16.6,22.52,28.77,33.42,35.75,35.5,31.03,24.94,16.23,11.04,67.21,56.68,42.98,35.69,26.38,19.47,19.26,20.31,23.98,33.12,50.84,62.72,27.5293,26.5044,26.7834,30.2977,33.4754,35.8451,38.1058,38.2023,34.9434,31.8696,29.0072,27.7376
Ireland,IRL,5.59,5.81,6.72,8.56,10.97,13.47,15.04,14.99,13.41,10.79,7.76,5.68,86.88,84.62,81.75,79.07,78.53,79.07,81.7,82.41,83.72,85.78,87.36,87.58,30.2604,29.7346,29.6975,30.6531,32.8849,35.5631,38.001,38.1853,37.0376,35.0974,32.5888,30.5814
Iran,IRN,5.23,7.85,12.79,18.54,24.02,28.34,30.17,29.11,25.32,19.67,12.28,7.3,60.03,54.42,45.8,39.94,31.81,26.79,27.79,27.72,28.9,34.97,47.62,56.17,21.0399,21.8086,23.904,27.7202,30.5173,33.1807,35.3407,34.2576,30.857,27.2101,23.9946,21.8361
Isle of Man (U.K.),IMN,7,6.64,6.87,8.19,10.15,12.34,14.2,14.94,14.24,12.41,9.87,7.7,79.97,79.7,80.8,81.67,82.43,85.08,86.13,84.46,81.43,78.99,78.45,78.56,29.3901,28.941,29.534,31.1411,33.3519,36.4164,38.6229,38.8118,37.1119,34.4767,31.7585,29.6248
Israel,ISR,11.93,12.97,15.65,19.18,22.91,25.68,27.61,27.7,25.86,22.65,17.83,13.61,66.43,63.37,57.77,52.38,51,53.49,55.42,58.19,58.84,59.95,59.57,63.75,29.8519,29.8821,30.7141,32.4654,35.74,39.3317,41.8986,42.9027,41.2772,38.4335,33.4881,30.6475
Italy,ITA,4.36,4.99,8.02,11.33,15.91,20.03,22.31,22.22,18.1,14.23,9.29,5.32,78.09,73.93,71.37,71.95,69.63,66.91,64.39,66.6,71.8,77.15,79.17,78.73,26.1297,25.3869,27.5721,31.0735,34.8879,38.1103,39.5587,40.198,37.794,35.6895,31.4161,27.3009
Jamaica,JAM,23.9,24.02,24.3,25.15,25.84,26.62,27.02,27.01,26.64,25.99,25.25,24.45,78.98,76.93,76.18,77.01,80.03,79.47,77.53,79.51,81.95,83.96,82.05,80.54,45.9634,45.4069,45.4394,46.5633,48.2499,48.8451,48.6049,49.2483,49.6835,49.6968,48.3265,47.0282
Japan,JPN,0.28,1.08,4.44,9.87,14.91,18.9,22.72,23.89,20.46,14.77,8.62,2.85,70.24,69.46,67.81,68.14,72.82,79.41,81.53,79.99,77.9,74.44,72.69,71.37,19.4592,20.0018,22.8173,28.3562,34.9406,41.1053,45.6249,46.2867,42.167,35.3352,28.6077,22.4021
Jersey (U.K.),JEY,8.04,7.73,8.39,9.81,12.09,14.53,16.44,17.31,16.47,14.57,11.42,8.8,80.38,80.14,80.63,80.97,82.46,83.76,84.62,82.76,79.15,78.96,78.04,79,30.5654,30.1762,30.9979,32.5301,35.3018,38.1708,40.3646,40.6208,38.5895,36.6268,33.1732,30.87
Jordan,JOR,8.78,10.56,14.17,18.82,23.58,26.82,28.73,28.66,25.89,21.44,14.85,10.26,60.74,54.26,44.96,36.93,32.29,31.8,33.7,36.26,39.04,43.18,51.02,58.45,24.8242,24.4658,25.0068,27.0069,30.2357,33.314,35.851,36.6258,34.7732,31.6894,27.6866,25.5485
Kazakhstan,KAZ,-11.63,-9.54,-1.42,9.18,16.66,22.15,23.71,22.37,15.53,7.51,-1.46,-8.5,77.56,76.95,71.25,55.32,47.78,44.58,46.66,44.38,47.66,60.38,73.4,76.75,9.9648,11.8535,18.0925,23.4356,28.4274,32.8614,35.1078,33.0154,27.2578,23.4354,18.762,12.8275
Kenya,KEN,25.89,26.76,26.88,25.87,25.37,24.48,23.75,23.99,24.93,25.39,24.82,25.2,55.48,51.31,56.9,66.26,64.33,60.57,59.8,58.75,55.78,59.67,68.41,62.73,40.1984,39.6923,41.657,43.7358,42.5989,40.4681,39.484,39.3775,39.3374,41.0811,43.3953,41.9009
Kiribati,KIR,26.36,26.31,26.44,26.71,27,27.04,26.91,26.8,26.83,26.81,26.77,26.57,80.97,82.06,83.34,83.52,81.66,80.15,79.43,78.02,77.64,76.91,76.95,79.48,49.0801,49.3898,49.9422,50.2716,49.9478,49.4895,49.1219,48.5466,48.4512,48.1903,48.1635,48.7984
Kosovo,KSV,0.09,1.56,5.21,9.86,14.88,18.86,21.08,20.93,15.73,10.88,5.6,0.99,80.23,73.99,67.79,66.53,67.69,63.79,58.84,59.1,67.81,74.52,79.45,82.37,22.5659,21.9767,23.5807,27.8149,33.2177,35.9107,36.4972,36.433,34.1073,31.4716,27.8185,24.1721
Kuwait,KWT,12.5,15.04,19.84,25.98,32.51,36.58,38.1,37.86,33.93,28.16,19.67,14.28,63.34,50.95,38.63,31.99,22.06,15.86,16.69,19.47,21.72,31.79,47.33,59.24,29.4022,27.8535,28.5879,32.5367,35.7898,37.8138,39.6077,40.2851,37.0976,34.6507,31.2889,29.8292
Kyrgyzstan,KGZ,-13.08,-10.34,-4.22,1.66,6.25,10.42,12.51,12.21,7.9,0.89,-6.23,-11.54,68.07,69.57,68.47,67.62,70.28,69.37,67.61,65.97,65.83,68.57,69.33,68.55,5.3831,8.6181,14.3751,19.9746,25.4424,29.3121,30.8213,29.9801,25.6239,19.5181,12.6489,7.0815
Lao People's Democratic Republic,LAO,18.79,20.79,23.18,24.87,25.18,25.37,24.84,24.64,24.3,23.46,21.26,18.73,74.12,70.39,70.06,76.38,82.08,84.42,86.91,87.68,86.26,82.13,78.56,76.42,39.2496,40.0187,42.2998,46.0754,48.2664,49.2286,49.5203,49.5744,48.7658,46.5629,43.1848,39.9486
Latvia,LVA,-3.99,-3.95,-0.26,6.41,11.72,15.48,18.28,16.98,12.07,6.8,2.02,-2.2,87.25,84.73,77,68.33,68.38,72.85,74.11,75.97,79.96,85,89.06,88.67,20.8025,20.0109,21.15,24.9589,30.2854,35.5205,38.7363,38.0501,34.4568,30.85,27.4098,23.0611
Lebanon,LBN,6.49,7.22,9.93,13.57,17.98,21.77,24.12,24.16,21.75,17.88,12.54,8.51,75.1,73.15,68.44,64.3,58.97,54.73,55.38,58.9,59.91,61.9,65.54,72.28,27.273,27.3595,28.5152,30.789,33.4401,35.8309,38.3954,39.597,37.5203,34.307,30.1682,28.3624
Lesotho,LSO,16.68,16.33,14.48,10.84,7.18,4.14,3.7,6.56,10.72,13.16,14.52,15.82,68.49,69.31,69.3,66.39,62.18,56.98,54.95,51.51,46.43,56.22,59.59,64.69,35.2817,35.2023,33.349,28.7487,23.6994,18.9434,17.8335,19.5583,22.0419,27.7126,30.1847,33.1677
Liberia,LBR,25.43,26.09,26.08,25.83,25.42,24.57,23.91,23.77,24.16,24.67,24.96,24.98,77.31,78.82,82.83,85.69,86.95,87.39,86.28,87.04,88.12,87.16,86.63,83.44,46.9423,48.1006,49.4139,50.1077,50.1135,49.4087,48.3824,48.4932,49.2396,49.4328,49.5479,48.5152
Libya,LBY,12.16,14.02,18.22,23.2,27.27,29.76,30.45,30.5,28.92,23.66,17.7,13.11,48.41,41.64,33.23,27.49,25.83,26.2,28.73,30.92,32.36,38.95,43.21,48.9,24.1353,23.7612,25.1859,28.2717,31.7939,34.406,35.9309,36.7036,35.5988,32.5135,27.9593,25.247
Liechtenstein,LIE,-3.59,-2.12,1.48,5.44,10.2,13.55,14.86,14.57,11.02,7.62,1.5,-2.84,78.14,75.62,73.21,71.82,73.32,75.69,76.96,79.2,80.59,80.02,80.65,79.88,18.1962,18.8346,21.6393,25.1406,30.3956,34.5277,36.2568,36.706,33.6147,30.0266,24.1145,19.5204
Lithuania,LTU,-3.62,-3.01,0.61,7.31,12.53,15.88,18.52,17.37,12.46,7.25,2.48,-1.98,87.09,84.6,76.41,67.54,68.05,71.99,73.55,74.7,79.01,84.29,89.09,88.66,21.1197,20.908,21.8253,25.5982,30.9865,35.6367,38.7915,38.021,34.5333,31.0657,27.8797,23.2778
Luxembourg,LUX,1.26,2.18,5.2,9.01,12.84,15.84,17.59,17.28,13.65,9.83,5.15,1.8,88.57,84.9,77.23,71.38,73.09,72.43,72.65,74.17,79.79,85.99,90.39,90.4,26.4881,26.197,26.6859,28.5654,32.9597,35.7419,37.5645,37.7561,35.9807,34.2067,30.9787,27.632
"Macau, SAR",MAC,15.76,17.12,19.77,23.2,26.24,28.1,28.78,28.64,27.65,25.42,21.53,17.13,73.01,79.08,81.74,84.43,83.9,84.2,82.6,82.81,79.36,74.44,72.31,68.34,35.8533,39.2164,42.7442,47.0619,49.927,51.886,52.038,51.9673,49.8388,45.9852,41.3923,35.6822
Madagascar,MDG,24.49,24.5,24.42,23.5,21.76,19.81,19.14,19.98,21.58,23.24,24.42,24.63,80.96,81.06,78.99,74.8,72.03,69.17,67.61,65.06,63.12,64.58,69.03,76.8,47.2068,47.2498,46.4867,44.184,41.5299,38.6361,37.4513,37.4498,38.4096,40.5514,43.1999,45.974
Malawi,MWI,23.19,23.01,22.85,21.88,20.48,18.74,18.02,19.83,22.45,24.46,25.22,23.83,82.32,82.38,81.71,76.87,70.52,68.03,66.73,61.5,55.83,55.42,61.23,76.21,46.3556,46.1954,45.8143,43.2471,39.7516,37.1899,36.0409,36.125,36.8739,38.7486,41.4259,44.9793
Malaysia,MYS,24.78,25.15,25.59,25.94,26.15,25.9,25.66,25.6,25.52,25.34,25.16,24.9,85.24,83.45,83.38,84.41,84.56,84.15,83.8,83.83,84.44,85.84,86.97,86.88,48.9092,48.6885,49.1054,49.7953,50.0548,49.6695,49.314,49.2639,49.3852,49.6672,49.8601,49.5704
Maldives,MDV,26.81,27.14,27.71,27.93,27.79,27.57,27.26,27.15,27,26.9,26.8,26.67,77.69,76.38,76.21,78.73,81.14,81.16,80.66,80.58,81.14,81.44,80.79,79.84,48.4477,48.3454,48.8593,49.9109,50.5662,50.3528,49.8778,49.7414,49.7762,49.7752,49.4607,49.0172
Mali,MLI,20.85,23.7,27.81,31.45,33.62,33.96,32.66,31.44,31.42,29.97,25.72,21.83,23.3,19.02,16.87,18.62,23.59,32.01,43.14,51.07,45.03,33.8,25.33,25.21,24.539,25.9766,29.3771,33.5946,37.4047,40.5233,42.8962,44.2931,42.2799,37.124,30.0789,26.1493
Malta,MLT,14.21,13.56,14.33,15.87,18.75,22.36,25.09,26.01,24.37,22.07,18.88,15.83,71.62,72.01,75.96,79.16,81.26,81.15,79.26,78.78,75.26,74.43,71.73,69.97,33.8446,33.3233,35.3968,37.9928,41.5658,45.1395,47.2458,48.0074,45.2058,42.6319,38.5509,34.9201
Marshall Islands,MHL,26.75,26.65,26.79,26.93,27.13,27.11,27,27,27.08,27.08,27.08,27.05,80.25,80.34,80.87,82.19,82.56,82.99,83.14,82.8,82.55,82.6,82.8,81.7,49.2325,49.1622,49.4771,50.0527,50.3748,50.4967,50.4362,50.324,50.3215,50.338,50.404,50.011
Mauritania,MRT,18.68,21.38,25.06,28.23,31.05,33.39,33.84,33.14,32.12,29.52,24.29,19.99,29.78,25.35,22.58,21.85,22.31,24.35,31.16,38.98,36.65,29.84,28.71,31.64,24.5074,25.7455,28.5114,31.4405,34.4123,37.4255,40.1228,42.0034,40.2145,35.3672,29.7643,26.4312
Mauritius,MUS,25.95,26.17,25.83,25.09,23.62,22.16,21.28,21.11,21.55,22.47,23.92,25.3,81.27,82.33,81.5,80.44,77.51,74.22,74.87,73.77,74.3,74.14,75.7,78,48.7691,49.3389,48.725,47.6352,45.1983,42.6526,41.9871,41.4541,42.069,42.9362,44.901,47.04
Mexico,MEX,15.23,16.8,19.1,21.81,24.15,25.18,24.75,24.62,23.55,21.32,17.98,15.3,57.72,54.2,48.81,46.45,49.27,58.52,66.01,67.74,70.02,64.44,61.29,59.73,30.2776,30.686,31.2073,33.1385,36.4091,40.4916,42.5333,42.9742,42.6566,38.5852,34.2057,31.0109
Moldova,MDA,-2.34,-0.63,4.15,10.82,16.9,20.48,22.62,21.69,15.96,10.23,4.97,-1,84.86,79.91,70.3,63.94,61.19,62.61,62.76,61.96,68.04,75.26,83.02,85.21,21.6638,21.7403,23.349,27.9202,33.0927,37.1413,39.3308,38.1368,34.4132,31.0658,28.3666,23.1193
Monaco,MCO,8.22,8.16,10.01,12.25,15.91,19.59,21.91,22.28,19.24,16.15,12.05,9.18,71.49,70.63,72.33,76.34,78.67,80.12,78.47,77.8,74.61,75.71,71.44,69.8,27.8117,27.4679,29.8789,33.4422,37.8711,42.0296,43.8051,43.954,39.8613,37.1343,31.6252,28.214
Mongolia,MNG,-19.34,-14.49,-6.08,3.91,11.33,17.46,19.88,17.57,10.79,1.69,-9.08,-16.87,64.87,59.35,49.95,41.52,39.82,45.38,51.54,51.68,48.35,51.68,59.85,64.3,-1.9329,1.0955,6.4035,13.6116,20.4706,28.4354,32.8882,30.6244,22.7455,14.7444,6.6705,0.349
Montenegro,MNE,0.18,0.96,4,8.21,13.32,17.15,19.29,19.29,14.52,10.47,5.73,1.33,79.54,76.03,72.38,72.12,72.38,71.03,67.38,67.19,73.7,76.87,79.57,80.89,22.4282,22.0499,23.8854,28.0096,33.2054,36.5899,37.5254,37.4627,34.841,31.8371,27.9881,24.0237
Montserrat (U.K.),MSR,25.14,24.86,24.96,25.53,26.35,26.93,27.05,27.31,27.38,27.11,26.58,25.78,77.48,76.13,76.05,78.25,80.18,80.55,81.49,81.74,81.34,81.21,79.7,78.1,46.7084,45.9829,46.0565,47.3525,48.8094,49.5115,49.9417,50.2842,50.2222,49.9093,48.881,47.553
Morocco,MAR,10.16,11.72,14.76,17.06,20.27,24.39,27.59,27.3,23.44,19.79,14.45,10.99,59.71,56.97,52.33,51.3,47.97,44.15,39.33,41.7,50.32,53.68,58.19,62.83,25.8643,26.5201,28.0289,29.989,32.1001,34.9595,36.5689,37.061,36.0456,33.5044,29.6527,27.7239
Mozambique,MOZ,25.69,25.47,25.15,23.77,22.11,20.44,19.85,21.51,23.76,25.53,26.67,26.08,79.06,79.19,78.43,73.8,68.54,66.59,65.28,60.89,57.57,57.88,61.89,73.15,47.7798,47.6027,47.0319,44.124,40.7282,38.4147,37.3924,37.6037,38.7581,40.6304,43.0937,46.2195
Myanmar,MMR,18.61,20.9,24.09,26.5,26.14,25.66,25.36,25.23,24.99,24.23,21.84,19.09,68.07,59.91,56.33,60.86,76.36,84.92,86.73,87.48,87.13,84.71,79.06,74.06,37.0731,36.6703,38.6789,42.5838,47.3388,49.6836,49.9809,50.0984,49.7429,48.1843,43.9298,39.5298
Namibia,NAM,24.58,24.38,23.68,21.79,18.81,15.81,15.47,17.55,21.09,23.68,24.2,24.66,50.79,54.92,54.18,47.22,39.4,37.2,35.25,30.79,28.38,30.58,37.01,43.24,37.3407,38.5036,37.5594,33.3726,27.812,24.086,23.1025,23.7107,26.4554,29.7714,32.4133,34.9292
Nauru,NRU,27.22,27.14,27.12,27.13,27.39,27.39,27.14,27.25,27.27,27.42,27.46,27.33,80.45,80.9,81.92,82.74,81.19,80.72,80.96,79.85,79.71,78.37,78.05,80.86,49.7685,49.837,50.1536,50.4342,50.1827,50.0276,49.8568,49.6005,49.5743,49.2821,49.2165,50.0138
Nepal,NPL,3.27,5.54,9.6,13.77,16.61,18.72,19.11,18.92,17.57,13.54,9.25,5.63,66.57,64.73,60.04,59.53,69,79.58,87.35,87.03,83.9,75.07,69.11,66.74,21.2381,22.9009,25.4132,29.4149,35.38,40.9814,43.9355,43.6399,41.257,34.3131,28.0563,23.6542
Netherlands,NLD,3.22,3.91,6.03,9.64,13.13,15.81,17.94,17.83,14.94,11.26,7.1,3.62,86.66,84.15,79.56,73.73,73.66,74.87,76.53,77.5,81.07,84.06,87.75,87.94,27.8178,27.6795,28.2848,29.9709,33.4378,36.5171,39.1949,39.405,37.6931,34.9998,32.0575,28.6402
New Caledonia (Fr.),NCL,25.23,25.55,25.02,23.72,21.9,20.59,19.42,19.37,20.52,21.9,23.12,24.58,79.12,80.54,82.2,80.91,78.79,78.14,75.52,75.05,74.88,73.73,73.42,76.68,47.3396,48.1282,48.146,46.4203,43.9007,42.3762,40.3416,40.1365,41.2304,42.2309,43.3486,45.8844
New Zealand,NZL,14.84,15.13,13.43,11.07,8.66,6.1,5.28,6.19,8.08,9.51,11.12,13.56,76.29,77.43,78.19,81.3,83.77,84.72,84.17,82.87,80.14,78.69,76.57,77.27,36.0157,36.6819,35.2327,33.899,32.3041,30.0576,29.0561,29.5371,30.5262,31.4777,32.3881,35.0591
Nicaragua,NIC,23.93,24.45,25.35,26.58,26.48,25.72,25.47,25.58,25.47,25.04,24.46,24.17,78.97,75.77,71.16,70.04,77.33,84.51,84.49,84.67,86.08,86.63,83.52,80.58,45.9901,45.4541,44.8328,45.6932,47.9989,49.6083,49.3517,49.5211,49.8764,49.6279,48.0216,46.7614
Niger,NER,18.59,21.66,26,30.84,33.12,33.37,32.17,31.3,31.23,28.78,23.6,19.48,23.65,18.75,14.67,15.28,19.51,25.79,35.39,43.17,33.91,25.18,22.74,24.56,22.3945,23.8475,26.8411,31.8824,35.5583,37.8807,39.8487,41.5461,38.4203,33.0894,27.1042,23.5848
Nigeria,NGA,25.45,27.66,29.7,30.36,29.22,27.44,25.83,25.09,25.69,26.65,26.55,25.46,34.24,33.47,37.39,50.71,63.53,72.54,79.04,82.97,81.46,71.27,49.7,38.58,32.7492,34.7051,38.0387,43.0943,46.1849,47.3782,47.9132,48.4701,48.5718,46.1691,38.951,34.1914
Niue (N.Z.),NIU,26.34,26.69,26.72,26.4,25.47,24.7,24.05,23.77,24.17,24.58,25.42,26.01,82.59,82.26,82.5,80.16,76.89,75.64,74.84,75.15,77.68,78.32,80.15,80.46,49.5947,49.8358,49.945,48.8528,46.8437,45.6612,44.7472,44.5695,45.8044,46.4256,47.8695,48.5618
Norfolk Island (Aus.),NFK,22.24,22.83,22.37,21.35,19.94,18.63,17.63,17.23,17.78,18.47,19.54,21.28,77.57,78.03,75.57,73.96,71.3,69.59,69.49,69.02,71.69,71.57,72.18,76.65,43.8381,44.5799,43.3081,41.7568,39.469,37.5947,36.5617,36.0066,37.4377,38.0881,39.3594,42.5745
North Macedonia,MKD,0.41,2.06,5.61,10.2,15.45,19.66,22.07,21.91,16.76,11.68,6.23,1.53,80.41,73.92,67.48,65.29,64.9,59.88,54.84,55.59,63.96,72.01,79.07,82.77,22.9453,22.4536,23.8784,27.7457,32.867,35.4204,36.1672,36.2547,33.8668,31.4433,28.3231,24.8441
Northern Mariana Islands (U.S.),MNP,26.16,25.87,26.05,26.76,27.35,27.72,27.5,27.39,27.4,27.4,27.47,27.03,77.52,78.42,78.5,80.97,81.52,81.87,82.72,83.37,83.13,83.26,81.95,80.61,47.7416,47.7486,47.955,49.4801,50.2516,50.7371,50.7976,50.9021,50.8329,50.8758,50.5135,49.6313
Norway,NOR,-5.98,-6.02,-3.27,1.15,5.6,10.14,13.11,12.07,8.1,2.9,-1.95,-5.51,83.58,81.97,77.42,74.85,72.26,72.12,75.36,78,81.04,84.27,85.39,84.77,17.6014,17.0301,18.2786,21.8505,25.4458,29.9396,33.9788,33.81,30.8432,26.7091,22.2287,18.4641
Oman,OMN,19.75,21.84,25.07,29.42,32.86,34.1,33.6,32.39,31,28.5,24.73,21.23,52.39,47.12,40.66,35.76,34.04,36.58,41.67,46.12,44.77,40.48,48.21,52.58,33.0387,33.3896,34.4878,37.2208,40.0932,42.1714,43.3511,43.6096,41.7741,37.8584,36.6393,34.5814
Pakistan,PAK,8.73,11.79,17.23,22.81,27.3,29.29,29.11,27.94,25.79,21.43,15.28,10.38,54.97,52.71,47,40.65,38.59,45.04,55.91,58.85,53.96,46.75,47.79,52.35,22.8701,25.1843,28.74,32.2245,36.0347,40.1532,43.5603,43.3605,39.5968,32.8575,27.0507,23.6555
Palau,PLW,26.97,26.79,26.94,27.2,27.28,27.1,27.02,27.04,27.17,27.22,27.3,27.2,82.92,83.15,82.32,82.99,83.29,83.44,83,82.42,82.35,82.78,83.43,83.74,50.3336,50.2295,50.1056,50.5867,50.7657,50.6352,50.41,50.2386,50.3455,50.5374,50.8319,50.8342
Panama,PAN,24.6,24.89,25.24,25.46,25.29,25.13,25,24.96,24.84,24.61,24.42,24.51,81.63,78.92,78.08,81.71,87.24,88.36,88.01,88.22,88.62,89.01,88.74,86.09,47.5379,46.9336,47.0064,48.4243,50.0792,50.2888,50.0433,50.0726,50.0846,49.9833,49.7042,48.9197
Papua New Guinea,PNG,23.99,23.95,23.84,23.75,23.52,23.04,22.58,22.61,23.03,23.53,23.86,24.03,86.35,86.58,87.06,87.45,87.52,87.6,87.11,86.03,85.72,85.36,86.12,86.57,48.4855,48.5214,48.5698,48.6085,48.4016,47.948,47.3263,46.9999,47.3176,47.6988,48.2796,48.5981
Paraguay,PRY,27.86,27.19,26.3,23.84,20.05,19.04,18.72,20.96,23,25.64,26.24,27.44,69.13,71.46,72.2,73.13,74.59,74.91,68.16,59.83,58.53,63.5,65.53,67.37,46.6729,46.7718,46.126,43.9729,40.6647,39.7603,37.2128,36.7039,38.3149,42.595,43.8649,45.6721
Peru,PER,19.32,19.23,19.16,18.96,18.35,17.78,17.53,18.1,18.63,19.05,19.25,19.26,82.9,84.13,84.44,82.53,79.29,77.02,75.52,74.25,75.68,77.77,78.62,81.14,42.677,42.9929,43.0252,42.1949,40.5157,39.1966,38.4516,38.6025,39.6044,40.7141,41.1946,42.0362
Philippines,PHL,24.47,24.79,25.57,26.6,26.85,26.56,26.19,26.19,26.1,25.92,25.67,24.99,84.17,82.96,81.97,80.81,82.92,84.43,85.21,85.09,85.29,85.22,85.34,85.16,48.2461,48.1668,48.6201,49.2673,50.2136,50.4219,50.3093,50.2697,50.2457,50.0426,49.8322,49.0928
Pitcairn Islands (U.K.),PCN,24.77,25.12,25.22,24.4,23.2,22.33,21.43,21.07,21.07,21.72,22.65,23.8,79.66,79.82,79.02,76.63,73.76,74.35,73.23,73.52,74.24,76.66,77.38,79.67,47.0578,47.4606,47.2966,45.6879,43.5408,42.8655,41.5959,41.3316,41.5692,43.0178,44.1854,46.0911
Poland,POL,-1.88,-0.46,2.79,8.82,13.74,16.75,19.02,18.26,13.56,8.8,3.95,-0.63,86.89,83.26,76.09,68.38,69.31,71.34,72.05,72.38,77.89,82.61,87.88,87.94,22.7937,23.0158,23.8997,27.3854,32.6123,36.2922,38.7965,38.1454,35.2637,32.0613,28.9504,24.3902
Portugal,PRT,8.9,9.75,12.26,13.77,16.47,20.24,22.08,22.36,20.04,16.6,11.75,9.26,81.87,76.17,70.09,69.94,67.66,61.75,59.11,59.4,65.19,73.64,79.08,81.9,31.9171,30.8861,31.3897,32.8502,34.7978,36.6175,37.5863,37.962,37.5527,36.9012,33.8464,32.287
Puerto Rico (U.S.),PRI,23.81,23.78,24.08,24.73,25.55,26.5,26.73,26.8,26.55,26.08,25.19,24.36,78.34,76.09,75.11,77.76,81.02,79.85,79.56,81.17,82.74,83.55,82.52,80.17,45.6622,44.8897,44.8663,46.3908,48.2866,48.8505,48.9848,49.5861,49.8542,49.6515,48.4216,46.8161
Qatar,QAT,17.2,18.72,22.02,27.01,32.33,34.49,35.84,35.76,33.28,29.54,24.08,19.26,67.03,61.09,52.51,45.03,37.97,38.96,42.75,50.5,52.01,56.27,61.44,68.22,35.3199,34.8797,35.3483,37.8699,40.8601,43.3468,45.9475,48.425,46.4433,44.1091,40.3552,37.7726
Venezuela,VEN,25.25,25.68,26.2,26.14,25.54,24.88,24.68,25.02,25.46,25.58,25.44,25.2,72.48,69.96,69.32,75.21,81.44,84.69,84.8,84.09,82.49,82.32,82.06,78.44,45.1684,44.7668,45.0756,46.9593,48.4152,48.8277,48.664,48.7697,48.6817,48.7456,48.5198,47.0852
South Korea,KOR,-1.3,1.2,5.86,11.85,17.11,21.26,24.32,24.95,20.52,14.48,7.47,0.85,60.75,59,59.33,59.78,65.73,73.28,81.23,80.21,75.48,68.56,65.69,62.54,14.7475,16.67,21.4389,27.5774,34.8009,41.4424,47.1259,47.4193,41.4284,33.1048,25.1477,17.4882
Yemen,YEM,19.23,21.39,23.96,26.89,29.43,30.79,31.01,30.28,28.98,25.47,22.38,19.69,49.01,44.41,42.04,39.9,37.49,35.39,40.21,45.4,40.34,38.28,43,47.25,31.4033,32.0453,33.8332,36.057,37.8017,38.4687,40.2793,41.262,38.2922,34.1024,32.57,31.2825
Romania,ROU,-1.94,-0.11,4.32,10.25,15.66,19.14,21.08,20.55,15.29,10.08,4.81,-0.71,84.91,79.23,70.11,67.05,68.09,69.28,68.19,68.27,72.7,77.33,82.48,85.26,22.0803,22.0359,23.4563,28.3765,34.1297,38.0024,39.5827,39.0791,35.281,31.5989,28.0284,23.4258
Russia,RUS,-23.09,-20.88,-12.84,-3.37,5.33,12.91,16.1,13.26,6.36,-3.01,-14.08,-20.93,78.18,76.47,73.34,68.3,66.4,68.33,71.24,75.16,76.92,78.8,80.56,79.39,-1.2906,0.3551,7.3622,15.169,23.242,31.4589,35.6092,34.0628,27.7436,18.994,8.5048,1.2687
Rwanda,RWA,19.36,19.78,19.45,19.05,19.19,19.25,19.49,19.95,19.74,19.31,18.78,18.93,74.59,71.85,76.52,80.03,75.26,64.12,56.29,58.87,66.39,73.38,78.74,76.92,39.9747,39.4905,40.7016,41.4599,40.0258,36.4096,34.0657,35.3771,37.6487,39.5254,40.7642,40.3136
"Saint Helena, Ascension and Tristan da Cunha (U.K.)",SHN,20.09,20.95,21.12,20.58,19.44,18.36,17.48,16.74,16.56,16.96,17.73,19,79.3,78.4,77.73,76.81,74.36,73.51,73.81,74.29,76.12,77.78,78.38,79.29,42.259,42.822,42.7709,41.9273,39.9788,38.6183,37.8373,37.2557,37.6796,38.6274,39.5954,41.1657
Saint Kitts and Nevis,KNA,25.07,24.79,24.86,25.41,26.26,26.9,27.05,27.31,27.36,27.08,26.5,25.71,77.5,76.25,76.09,78.45,80.44,80.79,81.6,81.93,81.58,81.38,79.71,77.96,46.645,45.9525,45.9697,47.2985,48.8052,49.5607,49.978,50.3469,50.2814,49.9354,48.8043,47.4368
Saint Lucia,LCA,25.58,25.5,25.74,26.29,27.04,27.17,27.09,27.25,27.48,27.15,26.65,26.17,73.88,71.38,71.61,73.9,74.94,76.74,78.46,79.5,78.76,79.93,79.77,75.59,45.9604,45.0554,45.3713,46.677,47.7702,48.4942,48.9818,49.485,49.4708,49.5269,48.9741,47.1147
Saint Vincent and the Grenadines,VCT,25.62,25.4,25.53,26.02,26.69,26.81,26.75,27.03,27.37,27.19,26.74,26.25,78.43,77.19,77.68,79.6,80.59,81.82,82.92,82.87,81.63,82.1,82.13,79.36,47.5019,46.8727,47.1644,48.288,49.2847,49.8106,50.1136,50.3771,50.3079,50.283,49.8429,48.4388
Saint-Barthélemy (Fr.),BLM,25.01,24.73,24.78,25.32,26.21,26.95,27.15,27.41,27.41,27.11,26.45,25.67,77.18,76,75.63,78.07,80.17,80.48,81.28,81.56,81.49,81.13,79.41,77.51,46.4794,45.81,45.7379,47.0831,48.6661,49.5084,49.9724,50.3248,50.3017,49.8829,48.6553,47.2483
Saint-Martin (Fr.),MAF,25.01,24.73,24.78,25.32,26.21,26.96,27.15,27.4,27.41,27.12,26.46,25.67,77.28,76.13,75.73,78.15,80.28,80.56,81.37,81.65,81.54,81.18,79.47,77.58,46.5124,45.8529,45.7709,47.1095,48.7024,49.5448,50.0021,50.3445,50.3182,49.9094,48.6851,47.2714
Saint-Pierre-et-Miquelon (Fr.),SPM,-1.29,-2.05,-0.81,1.73,4.55,8.66,13.83,16.44,14.01,9.75,5.66,1.85,74.9,76.06,78.16,84.76,88.5,90.06,92.65,88.14,83.13,79.39,77.54,76.03,19.427,19.0498,20.9828,25.7008,29.755,34.3798,40.4045,41.5262,37.4429,31.9487,27.2482,22.9399
Samoa,WSM,25.65,25.7,25.82,25.89,25.61,25.3,24.94,24.86,24.99,25.17,25.51,25.64,85.32,84.92,84.67,84.4,83.41,83.64,82.88,82.57,83.47,84.18,84.38,84.54,49.8056,49.7236,49.7611,49.742,49.1353,48.9012,48.2904,48.1081,48.5351,48.9494,49.3554,49.5382
San Marino,SMR,5.91,6.48,9.46,12.9,17.77,22.05,24.37,23.97,19.6,15.66,10.99,6.92,79.35,74.36,71.35,72.28,68.45,65.19,62.12,66.4,71.52,77.78,79.12,79.07,28.0955,27.0188,29.0055,32.7524,36.3585,39.5627,40.8696,41.882,39.2016,37.3274,33.0996,29.0131
São Tomé and Príncipe,STP,26.37,26.88,27.27,27.12,26.28,24.8,23.94,24.03,24.67,25.24,25.62,25.99,82.71,81.87,80.82,81.59,83.23,82.81,81.9,82.61,84.08,84.61,84.59,83.7,49.6643,49.8971,49.9406,50.0447,49.7459,48.1273,46.967,47.2913,48.4164,49.1613,49.5347,49.611
Saudi Arabia,SAU,15.04,17.82,21.5,26.56,31.19,33.75,34.88,34.95,31.98,27.04,20.86,16.43,49.71,39.39,33.16,27.72,21.32,17.32,18.99,21.41,22.35,27.68,42.01,49.31,27.4443,26.8187,28.4428,31.7076,34.2256,35.4656,37.1467,38.0153,35.3555,32.1744,30.7233,28.7023
Senegal,SEN,25.29,27.47,29.76,31.24,31.98,30.88,29.07,28.02,28.18,29.45,28.26,25.87,29.54,27.27,29.49,34.05,40.7,56.36,70.27,78.92,79.18,65.97,44.03,34.51,31.0382,32.4691,35.4917,38.4765,41.411,45.4788,48.2591,50.0636,50.3094,47.2201,38.7899,33.2583
Serbia,SRB,0.07,1.71,6.04,11.36,16.35,19.87,21.73,21.45,16.28,11.43,6.21,0.99,83.66,77.19,68.28,66.11,67.8,67.64,64.79,64.86,71.44,76.36,80.96,85.05,23.6778,23.1827,24.5724,29.1763,34.724,38.1912,39.1107,38.8538,35.8552,32.6288,28.9268,25.0565
Seychelles,SYC,26.76,27.16,27.3,27.39,26.91,25.72,24.88,24.79,25.24,25.77,26.31,26.59,80.85,79.14,80.29,80.36,80.37,80.7,80.87,81.08,80.9,80.71,80.87,81.62,49.4405,49.2762,49.7957,49.9088,49.4321,48.351,47.5671,47.5464,47.937,48.4043,48.9971,49.5246
Sierra Leone,SLE,26.26,27.42,27.82,27.36,26.19,24.94,24.15,23.91,24.35,24.89,25.26,25.58,64.27,62.92,67.75,74.92,83.84,86.88,87.71,88.93,88.34,86.96,85.08,74.99,43.4691,44.1836,46.1775,48.0836,49.8572,49.6104,49.0943,49.2569,49.5022,49.5868,49.3364,46.3267
Singapore,SGP,26.02,26.44,26.93,27.37,27.78,27.71,27.33,27.14,27.17,27.06,26.7,26.24,83.78,82.55,82.72,83.21,82.96,82.02,82.09,82.27,82.26,82.89,84.32,84.94,49.6674,49.6815,50.2276,50.8293,51.1568,50.7766,50.4197,50.2891,50.3158,50.4137,50.5256,50.2702
Sint Maarten (Neth.),SXM,25,24.72,24.77,25.32,26.21,26.95,27.14,27.4,27.41,27.12,26.45,25.67,77.28,76.14,75.74,78.16,80.28,80.57,81.38,81.66,81.54,81.18,79.47,77.58,46.5024,45.8462,45.7642,47.1128,48.7024,49.5381,49.9954,50.3478,50.3182,49.9094,48.6751,47.2714
Slovakia,SVK,-2.32,-0.67,3.39,9.42,14.16,17.31,19.08,18.5,13.59,8.77,3.9,-1.38,85.33,79.46,71.41,66.04,69.2,71.05,70.94,71.15,76.2,81.13,85.65,86.38,21.8389,21.5518,22.9553,27.2132,32.996,36.7565,38.4902,37.9795,34.736,31.5429,28.1645,23.1254
Slovenia,SVN,-0.09,1.25,5.2,10.02,14.75,18.3,19.91,19.38,14.71,10.52,5.57,0.62,83.24,76.4,71.25,70.06,70.51,71.75,71.39,73.76,78.66,82.06,84.31,85.4,23.3792,22.462,24.7125,29.1398,34.0183,37.9775,39.4687,39.7208,36.6678,33.5998,29.3923,24.802
Solomon Islands,SLB,26.51,26.38,26.35,26.35,26.19,25.9,25.57,25.52,25.73,25.97,26.28,26.51,85.4,85.89,86.03,85.76,86.04,86.31,86.14,85.36,85.6,85.26,85.01,84.99,50.692,50.7237,50.7399,50.6508,50.5832,50.3823,49.9962,49.6888,49.978,50.1058,50.3333,50.5567
Somalia,SOM,24.99,25.73,27.1,27.47,27.54,27.43,26.88,27.05,27.5,26.16,25.22,24.97,56.38,53.58,54.74,63.22,64.86,55.34,52.86,52.38,54.01,64.8,65.55,59.28,39.5954,39.4114,41.1642,44.3326,44.9438,41.6922,40.3238,40.3354,41.3233,43.544,42.8515,40.5324
South Africa,ZAF,23.08,22.99,21.12,17.62,14.21,11.23,10.88,13.17,16.46,19.08,20.65,22.23,57.32,58.38,60.17,60.29,57.97,55.74,52.82,48.93,45.75,49.31,51.84,55.05,37.9956,38.2554,36.9761,33.5157,29.3401,25.6242,24.3106,25.3169,27.5575,31.3523,33.7572,36.3965
South Sudan,SSD,28.33,30.02,30.6,30,28.37,26.68,25.47,25.2,25.76,26.19,27.12,27.86,28.56,25.46,34.51,51.35,64.22,71.55,76.91,79.54,77.53,74.75,57,36.48,33.7548,34.4218,37.9883,42.9455,45.5626,46.2915,46.8503,47.4482,47.3449,46.8575,41.93,35.8984
Spain,ESP,6.52,7.45,10.21,12.36,15.88,20.51,23,22.97,19.34,15.22,9.7,6.84,77.95,71.67,65.71,65.02,62.48,56.02,51.9,53.59,61.18,69.37,75.74,78.36,28.2435,27.1011,27.8943,29.8166,32.4984,34.9966,36.127,36.6547,35.5294,34.1121,30.6942,28.6988
Sri Lanka,LKA,24.67,25.44,26.77,27.26,28,27.81,27.58,27.45,27.29,26.38,25.37,24.78,81.12,77.9,75.09,79.87,77.84,74.86,73.64,73.96,75.06,80.58,85.06,83.98,47.4396,47.147,47.5497,49.6171,49.6872,48.5138,47.8812,47.8568,48.0598,48.9714,49.4398,48.4934
Sudan,SDN,20.33,22.69,25.76,29.64,31.61,31.63,30.38,29.99,29.89,28.48,24.64,21.28,30.77,24.41,19.08,18.68,23.75,30.89,43.52,48.72,42.58,36.45,31.99,33.4,26.4841,26.7453,28.0564,31.8044,35.4475,37.8237,40.7416,42.0676,39.9414,36.5085,31.1967,28.302
Suriname,SUR,25.13,25.14,25.54,25.72,25.54,25.31,25.38,25.96,26.88,27.35,26.9,25.9,82.26,81.3,79.65,82.54,86.13,86.5,84.93,81.63,74.59,71.55,74.93,80.13,48.2758,47.969,47.8245,48.9582,49.9629,49.855,49.4069,48.8979,47.4947,46.9615,47.6269,48.3429
Svalbard and Jan Mayen (Nor.),SJM,-14.68,-15.31,-16.17,-12.8,-5.5,0.15,2.65,1.77,-1.34,-7.03,-10.59,-13.43,80.06,79.68,79.49,80.12,82.73,86.7,89.37,89.98,88.18,83.36,81.8,80.28,7.7398,6.9844,6.0617,9.6396,17.8009,24.761,28.1421,27.4634,23.7594,16.4788,12.404,9.0624
Sweden,SWE,-6.03,-6,-2.71,2.5,7.72,12.51,15.36,13.98,9.41,3.9,-1.21,-5.08,87.03,84.4,76.73,71.36,67.99,68.9,73.45,77.14,80.77,85.85,88.97,88.19,18.6899,17.852,18.6109,22.0488,26.1567,31.247,35.5985,35.4362,32.0641,28.2305,24.1501,20.0227
Switzerland,CHE,-3.97,-2.85,0.86,4.74,9.16,13.01,14.51,14.22,10.5,6.79,0.69,-3.3,78.46,74.96,72.04,72.16,74.29,74.05,75.01,77.35,79.88,81.48,82.13,80.64,17.9218,17.8868,20.6332,24.5528,29.6757,33.4465,35.2633,35.7455,32.8604,29.6784,23.7929,19.3112
Syria,SYR,7.14,8.99,12.94,17.77,23.32,27.87,30.42,30.01,26.17,20.85,13.45,8.6,72.66,64.96,53.58,46.91,38.63,33.4,34.61,37.38,40.51,46.82,58.54,70.04,27.1178,26.4268,26.6214,29.2503,32.0679,34.892,37.8413,38.3454,35.5383,32.3006,28.7682,27.7132
Tajikistan,TJK,-13.21,-10.7,-5.33,0.08,4.85,9.62,13.01,12.8,8.34,0.44,-7.15,-11.88,69.32,69.8,68.21,68.4,67.63,63.99,58.08,55.54,53.73,62.07,67.77,69.28,5.6656,8.334,13.1793,18.652,23.1679,26.7367,28.1764,27.1282,22.0709,16.9231,11.2141,6.9824
Tanzania,TZA,23.27,23.41,23.15,22.53,22.22,21.28,20.81,21.72,22.99,23.99,24.07,23.46,74.71,73.96,76.44,76.54,68.1,60.49,56.57,55.82,54.58,56.08,63.52,71.94,43.9243,43.8168,44.3752,43.7882,40.693,37.2417,35.4781,36.1406,37.0014,38.4964,41.0316,43.2002
Thailand,THA,23.54,25.46,27.4,28.61,27.99,27.66,27.14,26.89,26.61,26.24,25,23.24,68.84,65.72,65.31,69.68,77.53,79.61,81.27,82.62,83.92,81.15,75.73,71.36,42.2572,43.1476,44.9523,47.6044,49.5749,49.9313,49.9591,50.1546,50.3036,49.0195,45.9909,42.7888
The Bahamas,BHS,22.52,22.68,22.99,24.06,25.51,27.08,27.8,28.04,27.59,26.57,24.73,23.54,73.71,73.83,72.81,73.81,77.29,80.62,79.26,79.53,80.12,78.39,74.47,74.73,42.8443,43.0439,43.0173,44.4173,47.0157,49.6846,49.9558,50.2849,50.0296,48.4387,45.3051,44.2009
The Gambia,GMB,25.13,26.97,28.66,29.37,29.87,29.66,28.08,27.26,27.47,28.56,27.88,25.7,36.49,34.65,38.35,45.66,53.18,65.91,78.62,84.43,84.21,78.17,56.26,42.78,33.1717,34.4045,37.3155,40.4378,43.4194,47.4103,50.0246,51.1219,51.2593,50.3561,42.4458,35.8174
Timor-Leste,TLS,25.18,24.99,24.92,24.78,24.23,23.33,22.83,22.91,24.05,25.4,26.04,25.6,86.02,86.47,85.58,83.83,81.86,79.79,77.54,73.87,72.14,72.99,76.62,84.07,49.5666,49.5251,49.1614,48.4439,47.2438,45.6607,44.4182,43.2871,43.8562,45.4867,47.3246,49.3431
Togo,TGO,27.08,28.79,29.58,28.75,27.63,26.21,25.14,24.67,25.14,26.07,27,26.86,45.04,47.14,57.81,70.62,76.83,81.52,84.33,86.09,85.67,81.63,66.86,52.3,37.9432,40.3462,44.6573,48.0546,48.9839,49.1116,48.9689,49.0797,49.4111,49.0079,45.0638,40.119
Tokelau (N.Z.),TKL,27.25,27.09,27.12,27.35,27.37,27.26,27.1,26.98,27,27.1,27.25,27.23,81.1,81.8,82.37,82.05,82.38,82.41,81.65,81.27,81.59,80.46,80.07,80.99,50.013,50.084,50.3021,50.4265,50.5554,50.4553,50.0445,49.7991,49.9247,49.6518,49.6731,49.9567
Tonga,TON,26.18,26.5,26.54,26.08,24.9,24.07,23.24,22.94,23.27,23.79,24.75,25.66,81.9,82.22,82.26,79.3,76.03,74.61,73.76,74.23,76.78,77.3,79.26,79.9,49.207,49.6326,49.6858,48.249,45.9899,44.6913,43.5808,43.4359,44.6074,45.299,46.9058,48.027
Trinidad and Tobago,TTO,25.43,25.49,25.9,26.53,26.82,26.43,26.33,26.7,27.14,26.91,26.32,25.86,80.86,78.37,76.86,77.71,80.22,83.95,85.02,84.67,83.27,84.23,85.66,83.73,48.1138,47.3521,47.2638,48.1743,49.2926,50.1335,50.3866,50.6411,50.6191,50.7059,50.5878,49.4909
Tunisia,TUN,10.97,11.94,15.22,18.79,23.06,27.23,30.02,30.01,26.52,22.21,16.28,11.99,65.1,59.1,55.2,51.32,47.55,43.55,41.68,44.9,53.66,57.77,59.53,64.79,28.453,27.443,29.436,31.7256,34.7515,37.6015,39.7744,40.827,40.2278,37.2741,31.9249,29.3707
Turkey,TUR,0.24,1.49,5.2,10,15.26,19.85,23.29,23.28,18.63,13.06,6.87,2.22,76.92,73.19,68.02,65.64,61.38,54.57,50.02,49.56,53.26,62.71,70.22,76.22,21.6236,21.6427,23.6466,27.6612,31.5154,33.8581,35.7966,35.6348,32.2058,29.7543,26.0426,23.3726
Turkmenistan,TKM,1.98,4.18,10.42,17.57,24.18,29.42,31.31,29.91,23.52,16,8.52,3.39,71.86,67.21,58.67,49.17,38.45,30.96,29.88,29.19,34.75,47,62.75,71.26,21.6938,22.3593,25.7811,29.7961,32.8685,35.6368,37.1704,35.5427,30.9875,27.51,25.2275,22.9058
Turks and Caicos Islands (U.K.),TCA,24.24,24.1,24.09,24.71,25.78,27.13,27.59,27.86,27.75,27.16,25.99,25.05,75.97,76.04,75.7,77.38,80.21,82.06,81,80.95,80.69,80.53,77.12,76.45,45.3101,45.1932,45.071,46.2454,48.2493,50.2098,50.32,50.5735,50.3777,49.7349,47.4396,46.2785
Tuvalu,TUV,27.46,27.37,27.25,27.31,27.41,27.32,27.21,27.16,27.27,27.39,27.51,27.51,80.32,80.63,82.04,82.65,82.28,82.49,82.01,81.52,81.09,79.54,79.04,80.13,49.9656,49.9779,50.3232,50.5845,50.5624,50.5417,50.2733,50.0616,50.0297,49.6382,49.5932,49.9529
U.S. Minor Outlying Islands,UMI,23.93,23.66,23.8,24.39,25.06,26.03,26.35,26.56,26.52,26.14,25.46,24.72,76.4,77.8,78.7,80.1,80.12,80.78,80.82,80.22,79.71,78.49,77.21,77.18,45.142,45.334,45.771,46.823,47.4996,48.6874,49.0206,49.0326,48.8243,48.0417,46.9393,46.1894
Uganda,UGA,23.95,24.75,24.24,23.18,22.77,22.46,22.09,22.1,22.51,22.65,22.66,23.18,60.4,56.97,65.83,75.33,77.25,73.89,72.67,75.12,74.33,75.15,74.17,66.57,39.882,39.5501,41.9639,44.0389,44.2625,42.8437,42.0711,42.8896,43.0389,43.4495,43.1361,41.1481
Ukraine,UKR,-3.51,-2.34,2.29,9.73,15.89,19.38,21.68,20.59,14.77,8.9,3.44,-1.85,85.11,82.02,74.39,65.29,63.11,65.41,65.69,63.93,70.61,77.37,84.64,85.98,20.5763,20.7266,22.8387,27.2757,32.7163,36.9653,39.3577,37.6869,34.0713,30.4321,27.3712,22.5234
United Arab Emirates,ARE,18.23,20.17,23.32,28.16,32.66,34.51,35.97,36.06,33.29,29.5,24.58,20.16,62.06,55.24,47.48,37.55,32.68,36.63,39.42,41.09,45.71,48.4,56.3,63.06,34.7098,34.3992,34.9884,36.5515,39.4444,42.5979,44.9786,45.6197,44.3743,41.472,39.159,36.9698
United Kingdom,GBR,4.57,4.75,5.9,8.07,10.74,13.43,15.35,15.32,13.38,10.52,7.18,4.56,86.07,83.58,80.59,77.96,77.31,78.32,79.22,80.19,81.74,83.99,86.21,86.75,28.9731,28.3314,28.4947,29.7968,32.2523,35.2756,37.4926,37.7827,36.3542,34.2367,31.6293,29.1875
United States of America,USA,-2.76,-0.8,3.15,8.71,14.45,19.47,22.16,21.18,16.9,10.02,3.25,-1.69,69.31,67.48,62.58,59.39,59.39,59.57,59.69,61.09,62.06,64.17,67.05,70.54,16.1123,17.4684,19.8014,24.3087,30.0487,35.1281,37.8577,37.3397,33.3798,27.1961,21.3765,17.5882
United States Virgin Islands (U.S.),VIR,25.13,24.87,24.92,25.48,26.32,27.09,27.25,27.49,27.53,27.23,26.54,25.77,77.34,76.18,75.86,78.14,80.57,80.8,81.44,81.8,81.42,81.02,79.68,77.77,46.6522,46.0094,45.9538,47.2662,48.9081,49.754,50.1252,50.484,50.3986,49.9666,48.8344,47.4341
Uruguay,URY,24.06,23.02,21.3,17.77,14.21,11.61,11.11,12.75,14.22,17.32,20,22.39,65.58,71.24,73.98,76.39,80.24,81.58,79.31,76.4,74.96,74.22,68.78,65.35,41.7014,42.5292,41.7134,38.9787,36.6892,34.5314,33.2823,33.962,34.9568,37.8126,38.6974,39.9555
Uzbekistan,UZB,-2.52,-0.23,7.03,14.91,21.76,27,28.63,27.17,20.41,12.7,5.01,-0.61,73,69.77,61.32,51.18,42.4,35.61,34.74,35.22,40.7,52.16,66.03,71.91,17.57,18.7941,23.2656,27.7994,31.752,34.7513,36.0942,34.7926,29.841,25.9128,22.7999,19.1203
Vanuatu,VUT,26.23,26.33,26.29,25.9,25.15,24.46,23.73,23.58,24.03,24.48,25.11,25.88,83.91,84.16,84.89,84.08,81.3,81.2,78.49,78.19,79.64,80.54,81.57,82.37,49.9203,50.1028,50.3037,49.6464,47.979,47.256,45.6317,45.3827,46.3112,47.0582,48.0281,49.0621
Vatican City,VAT,7.15,7.69,10.52,13.62,18.1,22.48,25.01,25.12,20.76,16.83,12.02,8.15,77.49,73.5,72.17,72.78,69.97,64.01,60.64,62.57,69.31,76.04,78.32,78.07,28.7217,27.945,30.3361,33.6374,37.1901,39.6033,41.0212,41.7681,39.6323,37.9232,33.8656,29.9131
Vietnam,VNM,19.3,20.75,22.92,25.19,26.27,26.81,26.5,26.21,25.43,24.25,22.3,19.88,78.86,77.55,77.16,78.92,81.02,81.86,82.88,83.85,84.26,83.46,81.44,79.49,41.3238,42.3415,44.3828,47.2336,49.0066,49.8238,49.8504,49.8805,49.2358,47.7918,45.1752,42.1117
Wallis and Futuna (Fr.),WLF,27.12,27.13,27.22,27.26,27.08,26.81,26.41,26.3,26.37,26.51,26.85,27.03,83.21,82.71,82.78,82.56,80.67,81.2,80.25,80.48,82.02,82.13,82.21,82.74,50.5793,50.4243,50.5374,50.5048,49.7011,49.606,48.8925,48.8584,49.4366,49.6129,49.9793,50.3342
West Bank and Gaza,PSE,11.73,12.6,15.18,18.75,22.73,25.76,27.81,27.88,26.08,22.85,17.73,13.44,70.94,69.05,63.76,57.09,53.24,54.92,56.61,59.68,59.12,59.97,61.55,67.67,31.1402,31.3865,32.2208,33.5897,36.2992,39.8836,42.4913,43.5744,41.5896,38.6401,34.0415,31.7711
Zambia,ZMB,22.24,22.19,22.14,21.61,20.37,18.56,18.11,20.95,24.25,25.97,24.59,22.63,81.74,81.6,79.92,68.45,56.03,51.6,48.3,40.94,35.72,40.76,61.01,78,45.2142,45.118,44.5136,40.1985,34.8599,31.588,30.049,30.4602,32.0376,35.4208,40.7233,44.37
Zimbabwe,ZWE,23.71,23.47,22.92,21.1,18.7,16.51,16.02,18.93,22.38,24.62,24.9,23.78,72.76,71.94,70.64,64.05,58.23,56.69,54.32,46.38,42.38,45.3,55.75,69.68,43.7208,43.2102,42.2312,38.2365,33.9159,31.2177,29.9456,30.2354,32.3654,35.569,39.2975,42.7744